condition,color_type,length_m,height_cm,x1,x2,breed_category,pet_category
0.6084028512857276,Brown Tabby,0.6809055873296856,32.97027409698252,0,2,0,2
1.3399725027325773,Gold,0.40889695695647743,36.018996245601606,0,1,0,1
1.1476304588478934,Fawn,0.5000098397664863,36.77332998028157,0,1,0,1
0.29155734327182786,Blue Cream,0.6031893552063929,24.332445268158708,16,8,0,2
0.534244301606158,Blue Tick,0.6701396770734059,27.014494692210913,1,3,0,2
0.42452079269953874,Blue Tick,0.6792811223247325,26.65466830615607,1,3,0,2
0.28548306369471876,Blue Cream,0.6095804037017,24.24698472450721,16,8,0,2
1.1640121994998704,Red,0.6341511074538767,44.54869450017501,0,1,0,2
0.2758757187808831,Blue Cream,0.6225234332348167,23.78961310208158,16,9,0,2
1.6011459907480394,Orange,0.28805795599985745,36.38527870875673,1,1,0,1
1.4634379221655172,Sable,0.4483563944829535,42.66526074054398,1,1,0,2
1.5643190223708503,Gray,0.3032240003867474,29.340097313567785,1,1,1,1
0.2752627148086256,Blue Cream,0.622731274633227,23.7283299904957,16,9,0,2
0.2820839896001172,Blue Merle,0.6426328484902322,22.877769325176068,16,9,1,2
0.41118163075997916,Blue Tiger,0.6784195967805338,27.32838422556199,1,3,0,2
1.0865342671361624,Buff,0.4186923843768194,25.745340441307082,1,2,1,1
1.1288942155062265,Liver,0.5794737993013602,41.52867198802166,0,1,0,2
0.7851036826288265,Brown Tiger,0.4490184232790941,19.098969999108597,1,2,2,2
0.6801280413301751,Calico,0.6713944740677654,35.54531276904828,0,2,0,2
0.9786042023951572,Liver,0.6649082965584456,42.79044479971486,0,1,0,2
1.104234939374324,Gold,0.5390591675304842,38.40510011461635,0,1,0,1
1.6377965293758112,Lynx Point,0.30496466464785216,30.032563215096484,1,1,2,1
0.3213629440640138,Blue Merle,0.6179074110786712,24.42977592780825,14,8,0,2
0.27758571644339425,Blue Cream,0.6058531464126878,24.10107255406463,16,8,0,2
0.5011184836648026,Blue Tabby,0.6685960359675764,25.937185441139906,1,3,0,2
1.1172671373917555,Calico,0.3902002910056558,23.498441879091693,1,2,1,1
0.6457601817947799,Brown Merle,0.4792634296659863,17.547855230974065,2,3,2,2
0.2859569206230524,Blue Cream,0.6032261312725872,24.268408869018426,16,8,0,2
1.4094997714899427,Lilac Point,0.3955943922024801,37.69446492921673,1,1,0,1
0.32341951293530435,Blue Merle,0.6267604890556907,24.43134099676879,12,8,0,2
1.6198763928344893,Lilac Point,0.29250809842793435,30.118713086464965,1,1,1,1
1.2594080034283877,Sable,0.610616094019674,45.164771088942594,0,1,0,2
0.90787375427234,Flame Point,0.6345135633023804,39.608787007870134,0,1,0,2
0.2838688506968406,Blue Cream,0.645657188196379,22.371090654418715,17,9,1,2
0.5555425910116607,Blue Tiger,0.6702421970634448,27.666136031419367,1,3,0,2
1.6525142275466287,Liver Tick,0.2591476466344452,32.45896995677796,1,1,1,1
0.2768333866132776,Blue Cream,0.617700702168523,23.9489001077799,16,8,0,2
0.6087518960872775,Brown Merle,0.6769823499666923,31.132690018262252,1,2,0,2
0.34651076966926037,Blue Merle,0.631071097008953,24.180563841552157,10,7,0,2
0.29896423370116576,Blue Cream,0.6448390548340106,21.313716921855328,17,9,1,2
0.2950835242720485,Blue Cream,0.607323712223292,24.365200404655855,16,8,0,2
1.0196299603898977,Lynx Point,0.6596633261843406,43.294093915389226,0,1,0,2
1.4830908849484132,Lilac Point,0.3462981020271289,36.34444475870494,1,1,0,1
1.4840889051255226,Gold,0.32412076320519684,28.124868874920356,1,2,2,1
1.4419658256149803,Flame Point,0.33486032820822237,27.59422868992313,1,2,2,1
1.4990941361041743,Gold,0.3219021888975039,28.328765039859768,1,2,2,1
0.545012476785121,Brown,0.5217222027498758,18.425722125175877,2,3,1,2
1.514332540454353,Flame Point,0.30522159047172576,29.459600454043866,1,1,1,1
0.4141160866462335,Blue Tick,0.5403452569636636,18.00837040236585,7,5,2,2
0.5855208664606243,Brown Brindle,0.4945038010456544,16.983914079945045,2,3,2,2
1.682910450766847,Orange,0.275967004674648,31.211809819801136,1,1,1,1
0.3897792418418558,Blue Smoke,0.6685782737832557,24.802730385889408,2,4,0,2
0.31629282394245656,Blue Cream,0.6052628220049292,24.45232391789696,15,8,0,2
0.3397353308498302,Blue Tick,0.6192989411295128,21.57001003991231,4,5,1,2
0.524393561124165,Blue Tick,0.6682841844629931,26.462632869483144,1,3,0,2
1.0531116776669867,Liver,0.6239126983091342,42.24714458816453,0,1,0,2
0.30259895476006504,Blue Cream,0.6121267141519677,24.44219589665447,15,8,0,2
0.29660201220993876,Blue Merle,0.6207593145457583,24.530086521674004,15,8,0,2
0.3850210030256452,Blue Tabby,0.5554873402831143,21.080936048028118,13,7,2,2
1.0576459222270114,Orange Tabby,0.6646305389110148,44.118795403590525,0,1,0,2
0.5759162931627846,Brown,0.6764894791541158,29.763215785761115,1,2,0,2
1.2671690050541067,Sable,0.6083653034011578,45.230959960817806,0,1,0,2
1.617915519220864,Lilac Point,0.28930342486721633,30.220966940762434,1,1,1,1
0.2875393047404614,Blue Merle,0.6459688608870261,22.3774957695477,17,9,1,2
0.34399035745000855,Blue Tabby,0.5985826313749253,21.798362586654953,8,6,1,2
0.27685979147104517,Blue Cream,0.6064934195132679,24.07606497830872,16,8,0,2
1.1119371708200008,Orange Tabby,0.6371679369747066,43.867815741593226,0,1,0,2
0.2856838419416486,Blue Point,0.6448378627411031,24.829749618406932,13,8,1,2
0.5486166504634201,Blue Tiger,0.6739485331219315,28.186404114153696,1,2,0,2
1.4890308454578494,Orange,0.3725084699688285,38.95053268233399,1,1,0,1
1.2983522480078744,Chocolate,0.3554542994281849,25.953267966396776,1,2,1,1
1.3562096425156063,Lilac Point,0.4297701461376825,38.426686532773005,0,1,0,1
0.4447394631688267,Blue Tiger,0.5534610803637123,18.162140104119302,2,3,1,2
0.8487167996880725,Gold,0.6777916022369003,40.45377672506459,0,1,0,2
0.6100671917901125,Brown Merle,0.48817903291600045,17.177116277539703,2,3,2,2
0.3280676619720644,Blue Smoke,0.609952217479527,23.267149631268076,13,8,1,2
0.42084607692379516,Blue Point,0.6491755908080095,23.821070049415233,4,5,0,2
0.30694484864165783,Blue Cream,0.6012198985140299,24.44856614306626,16,8,0,2
0.49325010427098376,Blue Tabby,0.6669603652892935,25.565239493648576,2,3,0,2
0.2863218798648369,Blue Point,0.6507415836558532,25.1564346298664,11,8,1,2
1.4368455481845939,Gray,0.34415868268848926,27.79086411505762,1,2,2,1
0.7239381707148751,Chocolate,0.6801073619188713,36.823862798133376,0,2,0,2
1.2497708859943377,Cream Tabby,0.42627591320975006,33.823763734547065,0,1,0,1
0.34024629166972203,Blue Smoke,0.5980745017731338,22.79685244359681,13,8,1,2
1.6388707242893243,Liver,0.28339863106884955,30.595623260463917,1,1,1,1
0.6037232906010139,Brown Tabby,0.6528109377338588,31.624346977428363,0,2,0,2
0.7231157458221522,Chocolate,0.6782181330791783,37.100044496040205,0,1,0,2
0.4810065949171637,Brown,0.546049719548937,18.534804883626784,2,3,1,2
0.4538890742108211,Brown,0.6259558263431764,24.26622420977531,1,3,1,2
0.27535921472899944,Blue Cream,0.605855590203148,24.051391337575243,17,8,0,2
1.151024704966244,Cream,0.3890196123878157,24.09742206759455,1,2,2,1
1.2524393859542744,Red Merle,0.5843455849907946,44.03911233815839,0,1,0,2
0.414566280530473,Blue Smoke,0.5330521517653054,20.01157015895648,16,8,2,2
0.6247695119625011,Brown Tiger,0.6804511615133738,33.73264909429092,0,2,0,2
0.7346244491115073,Brown Tabby,0.46095380647988404,18.83647963712133,1,2,1,2
0.5634785918753152,Brown,0.5379633361253303,20.270131084736057,1,2,1,2
1.667914637322117,Orange,0.24708308526597395,34.39686060605046,1,1,1,1
0.8403760832843694,Brown Tabby,0.44338998641899197,20.34731299026125,1,2,1,1
1.1051294858875857,Pink,0.6557318037756407,44.50805366917233,0,1,0,2
1.6251865706640798,Liver Tick,0.3077488572377974,29.87778902606673,1,1,2,1
1.6739932382359939,Orange Tabby,0.3045837909639287,30.354388063819886,1,1,2,1
1.1950435698179913,Chocolate Point,0.3778209724061394,24.381276224390188,1,2,2,1
0.5308277633505499,Brown Brindle,0.6654968328268432,30.20770609938986,0,2,0,2
0.3488563614645119,Blue Tick,0.6783070036054271,25.857682083711808,2,4,0,2
1.034302001402589,Orange,0.6672918863268494,43.83368463187113,0,1,0,2
1.0299032978054612,Orange,0.665495819547872,43.70992750789649,0,1,0,2
0.45493200648799315,Blue Point,0.6506277983878391,24.028457109388306,4,4,0,2
1.256482369029604,Sable,0.6037088096908051,44.83424515417295,0,1,0,2
0.27259412544172124,Blue Cream,0.6100144447292948,23.89124066057394,17,9,0,2
0.9979156305617827,Calico,0.4094078879766014,21.716740284104617,1,2,2,1
0.40506524050112575,Blue Smoke,0.5396021658498179,20.447402301883226,15,8,2,2
0.5600736169208514,Brown Brindle,0.6787923046280413,29.906799798778252,1,2,0,2
0.33491945434183357,Blue Point,0.6541306441870278,24.528467808533158,6,6,0,2
1.6842566812804751,Orange,0.25488621251361426,32.35475272548115,1,1,1,1
0.34878173644888,Blue Point,0.5937749802839106,21.660483632213758,16,8,1,2
1.0213836482572478,Calico Point,0.40558994221965666,22.028937343566923,1,2,2,1
0.9660968828822422,Liver,0.6724033422953224,42.728383847514486,0,1,0,2
0.9299454735523152,Buff,0.42110333267744865,20.87217703814362,1,2,2,1
0.4137562832062478,Blue Point,0.6569031542664802,24.029332850631864,3,5,0,2
0.2871218934110123,Blue Merle,0.6221484008061396,24.426384274508166,15,8,0,2
1.03898740334252,Buff,0.45783892731741815,28.299384122304104,1,1,1,1
0.9380758451635542,Cream Tabby,0.600177174847902,38.031908281037325,0,1,0,2
0.33206683563326506,Blue Tick,0.6148610772583823,22.10949480913811,6,6,1,2
0.30413454923109146,Blue Point,0.6472810571548784,24.893402461658,9,7,0,2
0.2880279138184507,Blue Cream,0.6083307327068423,24.28605914544485,16,8,0,2
1.6286182484995364,Lilac Point,0.2718022194862869,31.427424555929218,1,1,1,1
0.3976181169363633,Blue Merle,0.6380698744684672,23.79122510969989,7,6,0,2
1.1621432362489486,Calico Point,0.4264151496613377,29.846409862794527,1,1,1,1
1.3585634299495553,Cream,0.34339768037870944,26.507436488877865,1,2,1,1
0.419894369555908,Blue Smoke,0.5287126951636832,19.965205493914745,15,7,2,2
0.4714986109466654,Brown,0.5404517704649424,17.81263754056507,2,3,1,2
0.9451865005068772,Brown Tiger,0.44358954277169554,23.45779836587999,1,2,1,1
1.307296640256881,Seal Point,0.5880179464014196,45.21380186974573,0,1,0,2
0.4731877171810783,Blue Smoke,0.6588388151249176,24.546623681358998,2,4,0,2
1.6764667117972505,Orange Tabby,0.302110108774046,30.42190194694875,1,1,2,1
0.2710225595673931,Blue Cream,0.6148948730923081,23.68842408476326,17,9,0,2
0.28835654402906297,Blue Smoke,0.6538679069102304,25.052087311432338,9,7,1,2
0.3830161113816333,Blue Merle,0.6346292559190464,23.871289048812226,8,6,0,2
1.4628626181312685,Fawn,0.32383048858223795,31.491186028645416,1,1,1,1
0.3900740464163889,Blue Tiger,0.6746138401735675,26.563847367787115,1,3,0,2
1.4624941422154247,Gold,0.33083057734395027,27.85775304348587,1,2,2,1
0.40764242614481,Blue Tick,0.6803880401939255,26.78673223145168,1,3,0,2
0.6143400699814904,Brown Tiger,0.6738792725240099,33.51026178039872,0,2,0,2
0.2889394476555584,Blue Cream,0.6094682277591109,24.304379974125144,16,8,0,2
1.5262067394272982,Flame Point,0.3060326904859403,29.077476864443263,1,1,1,1
0.32959717676929323,Blue Cream,0.6124267639367675,24.400904629965535,14,8,0,2
0.3900020738074627,Blue Smoke,0.5529014523483199,20.856578651614047,15,8,2,2
0.28735506678253947,Blue Merle,0.6366015736343872,24.80956465446087,14,8,0,2
0.3070588127230382,Blue Cream,0.6107159914053165,24.442791347055913,15,8,0,2
0.6968591248069275,Calico Point,0.6754691668346476,36.25200510719513,0,1,0,2
0.2744562937631048,Blue Cream,0.6154293479473537,23.857930306810587,17,9,0,2
1.5482037144823515,Liver,0.3100565404903206,35.75575352398549,1,1,0,1
1.5204190091813796,Red,0.372598323971726,40.13354510849639,1,1,0,1
0.41585788338689134,Blue Merle,0.6358933512380838,23.788850013616678,7,6,0,2
1.345142490436955,Seal Point,0.5605653580455339,44.80681152036253,0,1,0,2
1.039730315638715,Orange,0.6607135600357854,43.67738158370255,0,1,0,2
0.35102173861538394,Blue Point,0.6545736259114283,24.336567823415514,5,6,0,2
0.4874515557819843,Brown,0.5233967356569409,16.251732709524006,2,3,2,2
1.0779323631777478,Liver,0.6167358221692502,42.37476141091247,0,1,0,2
0.5094102646549005,Brown,0.6812586256442207,29.586511855820724,1,2,0,2
1.3980760644244623,Gold,0.37357911841131297,35.019986040110744,1,1,0,1
0.38580292656204074,Blue Tiger,0.6573160952496134,24.9880415245605,1,3,0,2
0.30478409085077895,Blue Tabby,0.6696257658210134,24.960107658768695,3,5,0,2
0.381681146145924,Blue Merle,0.570089465120145,18.864669653874113,17,8,2,2
0.48031881691766154,Brown,0.6267921987270283,25.17007232160565,1,2,0,2
0.9326689289950096,Gray,0.6463987891940903,40.92471898400409,0,1,0,2
0.5243801500790235,Brown Brindle,0.6800739833174634,30.540106898261335,1,2,0,2
0.4160511216462193,Blue Tiger,0.5446827466119886,17.459841224339822,5,4,2,2
1.2588565412521684,Calico Point,0.370957437886973,26.83544382938197,1,2,1,1
1.369293934992832,Red Tick,0.5159207038019377,43.46257687469714,0,1,0,2
0.4632084988866296,Brown,0.6515805786441016,26.824580882869242,1,2,0,2
0.2736742510174191,Blue Cream,0.6191655459331715,23.71509865342229,17,9,0,2
0.8863083168476182,Gray,0.6766864129024232,41.27310843081688,0,1,0,2
0.765840951457226,Cream,0.6795821853885037,38.15351159117253,0,1,0,2
0.2715781344641223,Blue Cream,0.6199784340867471,23.52434263044976,17,9,0,2
0.40414482557190207,Blue Point,0.5437940413495004,19.784301224656097,16,8,2,2
0.38512322499194607,Blue Tick,0.5682394561371064,19.067134860303767,5,5,1,2
1.2395728888501472,Red Tick,0.6067023337952947,44.67357278751813,0,1,0,2
0.27901756902967034,Blue Cream,0.6411574547033531,22.614662055115236,17,9,1,2
1.455456740980897,Pink,0.4182627242906594,40.82704902491408,1,1,0,1
0.8275002282509655,Brown Tabby,0.4498193010966274,20.541423115607657,1,2,1,1
0.2754237963619365,Blue Cream,0.6331311527622807,23.061255220612125,17,9,0,2
0.6728535924221903,Brown Merle,0.4746280658024177,18.192555013250434,2,2,2,2
0.9601330805147766,Lilac Point,0.6595854229128402,42.19354868761704,0,1,0,2
0.2859761431210886,Blue Cream,0.6142122806935143,24.285313491338542,16,8,0,2
0.8463136596080025,Flame Point,0.672215051220594,40.309138603904366,0,1,0,2
0.6422876151728028,Brown Tiger,0.6793109246474183,33.2227209273113,0,2,0,2
0.3196718410739909,Blue Point,0.6191674532818233,23.192293200959313,15,8,1,2
0.5665344028189391,Brown Merle,0.6796437569871723,31.93196416499672,0,2,0,2
0.4012922366656561,Blue Tabby,0.5416114384452891,20.493634197578697,13,7,2,2
0.34218967132001815,Blue Merle,0.6077953637821162,19.95492726896739,17,8,1,2
0.3767241556407161,Blue Point,0.5707695541238331,19.97747928236962,17,8,2,2
0.2849922492448617,Blue Cream,0.6486153071415179,21.814648959796997,17,9,1,2
1.3621130057729673,Orange,0.4695627140271395,41.12024397460616,0,1,0,1
0.99950069688822,Chocolate,0.4138677757641965,22.049175951693293,1,2,2,1
0.30346995743852284,Blue Smoke,0.657950348281011,25.057233129428553,7,7,0,2
0.5594147471742099,Brown Brindle,0.6241591039130997,27.521583740947637,1,2,0,2
1.2175022424537831,Red Tick,0.6153535308384412,44.65146333860346,0,1,0,2
0.28051704308578224,Blue Cream,0.6067785085320794,24.153423909628938,16,8,0,2
1.398313767749015,Sable,0.5128616145875394,43.9785212364985,0,1,0,2
1.6640747868771977,Lynx Point,0.2511436666330644,33.32066178951186,1,1,1,1
1.1686713753959692,Calico,0.38218468809842765,24.395054732102754,1,2,1,1
0.2846381380484806,Blue Merle,0.6243128838981581,24.382613305584407,16,8,0,2
0.4733044230761321,Brown,0.5902189671410507,21.8369542099698,1,3,1,2
0.3439332562000282,Blue Tick,0.6193879904696977,21.453197155078765,3,5,1,2
0.31767276088287366,Blue Merle,0.6157501401487427,24.445178513079696,14,8,0,2
0.3885511477347632,Blue Tabby,0.5526996906237376,20.70655599585523,12,7,2,2
0.3593666273442422,Blue Merle,0.6387288038230484,24.039718363939834,8,7,0,2
0.34116724304075136,Blue Cream,0.6168748202022564,24.312417213440057,13,8,0,2
0.3537549096152253,Blue Point,0.6480186050367045,24.172896747081385,7,6,0,2
0.5504616526470226,Brown,0.571089035023024,22.5806275049177,1,2,1,2
1.6669206702608728,Liver Tick,0.2772516933986613,31.03740454298702,1,1,1,1
1.628099092040947,Lilac Point,0.26812476187848266,31.961280709536013,1,1,1,1
0.3816638309965302,Blue Tiger,0.6279846492623293,22.381572727251243,1,3,1,2
0.3788777310718636,Blue Point,0.6529229348625117,24.028892968353322,5,5,0,2
0.2719388319737841,Blue Cream,0.612779086995558,23.797811273937423,17,9,0,2
0.37724042127401947,Blue Merle,0.6245522561539697,24.018256668502403,10,7,0,2
0.625923994332928,Brown Tabby,0.6798178025516569,32.783764010881505,0,2,0,2
0.31466278591131136,Blue Tick,0.6461722319370335,23.27215999770901,4,5,1,2
0.3067067876892346,Blue Merle,0.6285187068848573,24.615826015063114,13,8,0,2
0.39003554181567146,Blue Tick,0.5653604325563752,18.79550755330523,5,5,1,2
0.3432395475383413,Blue Merle,0.6198972525597513,24.27368075083837,12,8,0,2
0.2885859921102731,Blue Cream,0.6106360615758735,24.305962477444282,16,8,0,2
1.1296889838436353,Red,0.653409368373388,44.80193258216335,0,1,0,2
0.708461705412273,Brown Merle,0.46841806641742645,18.739269676877484,1,2,1,2
0.27827692170998813,Blue Cream,0.6155923666524445,24.039291892706373,16,8,0,2
0.4388928435335755,Blue Tick,0.6788088747194546,26.73340052849221,1,3,0,2
1.5318429546654402,Red,0.36186266307297227,39.8250749784611,1,1,0,1
1.2546979251653962,Sable,0.6114957393760657,45.11105180678039,0,1,0,2
1.6817423189326983,Orange,0.28155449314338,30.998281842287103,1,1,1,1
0.3300395326427056,Blue Cream,0.6152184071073842,24.38511044217783,14,8,0,2
0.4020081778599554,Blue Tabby,0.5410805398689658,20.422783646434564,13,7,2,2
0.38274008227029827,Blue Merle,0.5706116614182442,18.459747287641857,17,8,1,2
1.417593963081622,Fawn,0.34682870258022547,32.508676654252994,1,1,1,1
0.2801099135576083,Blue Cream,0.6200476946846687,24.116426859573792,16,8,0,2
0.41807219595136863,Blue Smoke,0.5317199879412537,19.65683594671754,16,8,2,2
0.34537717872693163,Blue Tabby,0.5933827817173666,22.413331423099137,11,7,1,2
0.33151507543382047,Blue Smoke,0.6615076131214237,24.77678269587357,5,6,0,2
0.3201294259342195,Blue Merle,0.6301495495868653,20.19563407043537,17,9,1,2
0.9232617066770079,Brown Tabby,0.465704445727601,24.90114197577219,1,2,1,1
1.6521664940472705,Liver Tick,0.2589418019916549,32.50381649151693,1,1,1,1
0.4215369543648411,Blue Tiger,0.5519121344444448,17.67629146857623,3,4,1,2
1.008902435578875,Liver Tick,0.6622883147664987,43.22088838472949,0,1,0,2
1.666506775605483,Liver Tick,0.27456987178714154,31.153817778677254,1,1,1,1
0.29336050299458877,Blue Smoke,0.6493641203013193,24.697374556865523,8,7,1,2
1.4903943613185489,Red Tick,0.42224520867115195,42.10824102987942,1,1,0,2
0.41398510543868466,Blue Point,0.6526588862835162,23.889404688502836,4,5,0,2
0.2772370888743599,Blue Cream,0.6347220007472443,23.227898184535416,17,9,1,2
0.6214180619793132,Brown Brindle,0.5755667147972625,25.18431351037339,1,2,1,2
1.6445298277111744,Orange,0.26003852746648937,35.361093289446494,1,1,1,1
1.363790995741074,Red,0.5016260793303782,42.72765696887129,0,1,0,2
0.3192513601053205,Blue Tabby,0.6274395051757622,22.905573103830626,6,6,1,2
1.3262099093944162,Liver Tick,0.4754645275932377,40.51444829299494,0,1,0,1
0.29880842715894385,Blue Tabby,0.6457051103312575,24.30649891924738,7,7,1,2
0.4474188409764893,Blue Point,0.6532527273653519,24.032475058493507,3,4,0,2
0.2832863046982156,Blue Cream,0.607610470172174,24.204591069912905,16,8,0,2
1.3514643975120215,Red,0.500998621228553,42.4319139206145,0,1,0,2
0.2758525623762721,Blue Cream,0.6292859974847239,23.480200175577355,17,9,0,2
0.3084039107484099,Blue Tabby,0.6716423697878653,25.210332278928135,3,5,0,2
0.3362225608947511,Blue Merle,0.6215642156768543,24.315313999176784,12,8,0,2
0.5191044833389306,Brown,0.5658073481873702,21.207315031315403,1,2,1,2
0.27927678963109465,Blue Merle,0.627023226332488,24.026877288278182,16,8,0,2
1.5738120157731128,Green,0.31336066440184085,29.290685659084453,1,1,2,1
1.3536257811516736,Red Merle,0.5172271184191888,43.193875857734504,0,1,0,2
1.329178816765523,Chocolate Point,0.36045763256995406,29.04904276667007,1,1,1,1
0.45238325226000886,Blue Tiger,0.6804099150987768,28.389146929216448,1,2,0,2
0.2880485966302912,Blue Point,0.6431026523050498,24.488075081864405,14,8,1,2
0.6562571558386587,Brown Tiger,0.6780077286810171,33.312663442227674,0,2,0,2
0.2897974565213902,Blue Smoke,0.6539264982766306,24.945999239347223,8,7,1,2
0.3457019048332916,Blue Cream,0.6088870824667394,24.387520406978243,14,8,0,2
1.6146754107146732,Green,0.28130725307437926,30.672648256761704,1,1,1,1
1.5569708425169098,Gray,0.29078087501436084,30.92234850505862,1,1,1,1
0.5563276437919226,Brown,0.6766820021586656,29.125568872090973,1,2,0,2
0.3952965458130763,Blue Merle,0.6245135727391237,23.968165074033646,10,7,0,2
0.8371157688034987,Buff,0.4386271878236192,19.72904369562351,1,2,2,1
0.293142290388975,Blue Merle,0.6239616933276295,24.567708526429755,15,8,0,2
0.327310682979632,Blue Point,0.6420665447545582,24.462611530575863,9,7,0,2
0.30499795231730237,Blue Cream,0.6043552220698583,24.424596582199346,16,8,0,2
0.7958747188307529,Chocolate Point,0.6459502046330249,37.32636929276713,0,1,0,2
1.3769201109113949,Chocolate Point,0.3403078351672995,27.937157159180398,1,1,1,1
0.7086315786507323,Brown Tabby,0.4651024686116722,18.198403570008708,2,3,2,2
1.3277669019330238,Liver Tick,0.46660969127917973,40.02957732263802,0,1,0,1
0.3421567397536151,Blue Merle,0.6096135438845265,19.522910568365177,17,8,1,2
1.0569127850926083,Lynx Point,0.6403927867078828,43.09063226831032,0,1,0,2
0.2812764062640175,Blue Merle,0.6326004329998934,24.22621235678676,16,8,0,2
1.5143979863546437,Gold,0.3136076064476147,28.620307748798304,1,2,1,1
0.41605007856493054,Blue Smoke,0.5316862517119735,20.02014384007449,15,8,2,2
0.46450618141684547,Blue Smoke,0.6663944787861371,25.011848811781977,2,3,0,2
0.4206943234974383,Blue Tiger,0.5467263514831936,17.385058554778986,4,4,2,2
1.4630296303467643,Red,0.42566585966437337,41.46733791446448,1,1,0,1
0.2985613957074371,Blue Cream,0.6057432354466229,24.388465885656206,16,8,0,2
0.3909686227319732,Blue Point,0.6515237158124172,23.921149973305653,5,5,0,2
0.29478553084900394,Blue Point,0.6396788422656238,24.207896892524495,14,8,1,2
1.2442433896288096,Lilac Point,0.5003175785505389,39.79479015646722,0,1,0,1
0.8483747286299962,Brown Tabby,0.4459417208919885,20.794107321434304,1,2,1,1
1.140249973276323,Chocolate Point,0.3897658327455434,23.880475614690276,1,2,2,1
0.4276783487723029,Blue Merle,0.6379365984814167,23.79555955946892,6,6,0,2
1.5592200834034002,Gray,0.30026626887180324,29.442691808410224,1,1,1,1
0.2881609811885771,Blue Cream,0.6057138503564549,24.285603169912214,16,8,0,2
0.3551258164519139,Blue Merle,0.6394734446576738,24.08543661660884,8,7,0,2
0.2819852843078756,Blue Merle,0.6400814716451079,23.586717401104945,16,9,1,2
0.48642462735201447,Brown,0.5246214919100332,16.73229471109755,2,3,2,2
1.6659101331082982,Lynx Point,0.29315790827177374,30.517603164621384,1,1,1,1
0.9789960433318698,Calico,0.4136289399501931,21.537173096040192,1,2,2,1
1.1798133909088324,Orange,0.5806197582132715,42.61142880560312,0,1,0,2
0.5068212176868465,Brown,0.6812241145545506,29.643720691912083,1,2,0,2
1.0902919823801709,Pink,0.6590355700592887,44.41369892042547,0,1,0,2
0.28887212420894803,Blue Cream,0.6098855794860016,24.305686209915688,16,8,0,2
0.4069516679130542,Blue Tiger,0.5806511102567369,19.36994418821186,2,3,1,2
0.8998935863666859,Gray Tabby,0.6746738024468112,41.61411912062808,0,1,0,2
0.5609782962237757,Brown Merle,0.6727125711955094,31.682255870072762,0,2,0,2
0.35714110910649105,Blue Merle,0.594840890157088,19.181077781490735,17,8,1,2
0.5044060374684718,Blue Tick,0.6751395531457436,27.157451068318426,1,2,0,2
0.8753261609928417,Buff,0.5336833053551435,29.950404470743052,0,2,0,2
0.27759555120983137,Blue Cream,0.6071190298710865,24.085333351561744,16,8,0,2
0.27632725376963674,Blue Cream,0.6327520672177184,23.26588631082178,17,9,0,2
1.0849862152943157,Calico,0.39382118380500253,22.799978558204362,1,2,2,1
0.3678068835052179,Blue Smoke,0.5714605507776243,21.789045933639652,13,7,2,2
0.9475970911675814,Green,0.6594953006890386,41.93834186421133,0,1,0,2
0.29223412421431394,Blue Point,0.6410546366900873,24.050044868649465,15,8,1,2
1.6112583956219046,Green,0.2777041522616759,31.059167986938693,1,1,1,1
1.6390121065074383,Liver,0.2825341252923822,30.63483179185233,1,1,1,1
0.5477557805746248,Brown Brindle,0.6805394955978142,30.202727919457114,1,2,0,2
0.7526230253657457,Chocolate Point,0.6795374222998297,37.56516099699805,0,2,0,2
1.0581789069632577,Chocolate,0.4029663245443421,22.7664589921378,1,2,2,1
1.4673165156297343,Fawn,0.32016438565937694,28.130421047582416,1,2,1,1
0.28605342054342625,Blue Point,0.6437986557490522,24.66359347541995,14,8,1,2
1.6597466551798368,Liver Tick,0.26594093707904126,31.647368377408302,1,1,1,1
1.627643593343296,Liver Tick,0.26484841373170553,34.1295409267308,1,1,1,1
0.29668083935304834,Blue Merle,0.6414630477201724,22.590978149508473,16,9,1,2
0.43531766751510453,Blue Tiger,0.5393451506189764,16.549323799792468,4,4,2,2
0.6861427460645333,Buff,0.6482350891086935,34.02798444677735,0,2,0,2
0.3262305872062567,Blue Tick,0.6256432595828485,22.3383931854154,5,5,1,2
0.4020215889050969,Blue Tick,0.5428162867468274,19.706859144856402,10,6,2,2
1.0243904641826211,Lilac Point,0.6316222015600573,42.06902176965495,0,1,0,2
0.4355045876820548,Blue Point,0.6545201605445301,23.996825818468647,3,4,0,2
0.3479664343112433,Blue Cream,0.6086614192793631,24.38600764109351,14,8,0,2
1.1949812233592445,Red Tick,0.6369613472738492,45.16971171794913,0,1,0,2
1.0334975771126782,Orange,0.6673675842264711,43.824406870886556,0,1,0,2
0.36229658307979345,Blue Point,0.6562501257717906,24.265762869824645,5,5,0,2
0.40274754367976856,Blue Tick,0.5424535924797421,19.619467410713753,10,6,2,2
0.44913903103330804,Blue Smoke,0.6627984113215876,24.52068403797021,2,4,0,2
0.294014693776592,Blue Cream,0.6018470585926282,24.36329603625486,16,8,0,2
0.3678245264801596,Blue Smoke,0.6684240765656798,24.84980449521574,3,5,0,2
0.6730273995672243,Brown Merle,0.48286852723430956,18.95952999902039,1,2,1,2
1.2576737466753316,Sable,0.6132780374819624,45.286377081286815,0,1,0,2
0.4730041348742522,Brown,0.5431041771839714,18.073190006538653,2,3,1,2
1.054103379751718,Calico,0.3997519652287513,22.477833185503606,1,2,1,1
0.8918415948637184,Gray Tabby,0.6761202879806852,41.265405126524406,0,1,0,2
1.2894630496602058,Seal Point,0.5977703392678034,45.25102020204465,0,1,0,2
1.481981523294307,Gray,0.3305457863483655,28.165209298513304,1,2,2,1
1.187580352999059,Cream,0.38184479260819704,24.490029071132188,1,2,2,1
0.3860774059526038,Blue Tabby,0.556195622284063,20.329500440189392,10,6,2,2
0.45479309786264954,Blue Smoke,0.6633188790849709,24.616711144038224,2,4,0,2
1.2898962562205993,Seal Point,0.5971753060930604,45.211733886594786,0,1,0,2
1.01691186936526,Liver Tick,0.6538302963790011,42.98939765343873,0,1,0,2
0.32871094510401916,Blue Tabby,0.672160155342207,25.264185671541117,3,5,0,2
0.5019272590938038,Brown,0.5198588423262739,16.78730145358719,2,3,2,2
0.47747892380081625,Brown,0.5284553819096147,16.859924944890558,2,3,2,2
0.311895968089326,Blue Merle,0.6175280871155273,24.477350269115973,14,8,0,2
0.3038588777476269,Blue Cream,0.6135534109435784,24.45713848307976,15,8,0,2
0.3503108340135933,Blue Merle,0.622173494361841,24.203840051388568,12,7,0,2
1.634425409859749,Liver Tick,0.30248534981898184,30.035712128480668,1,1,1,1
0.5422840145522404,Brown Brindle,0.6810909577767909,30.41091561882131,1,2,0,2
1.3463498421275621,Sable,0.5498078520442515,44.37905014436339,0,1,0,2
0.6192372472253671,Brown Tiger,0.6792601414895617,33.70948553723316,0,2,0,2
0.38956058220140394,Blue Tiger,0.5730569419946074,18.90753805946416,4,4,1,2
0.27731415768043977,Blue Merle,0.6270268622158557,23.800237331991934,16,9,0,2
0.6957235967136338,Brown Merle,0.5633903798175585,26.520140771879728,1,2,1,2
0.41733849257283745,Blue Tick,0.6808898517033076,27.212444399762987,1,3,0,2
0.2833612575393954,Blue Cream,0.6026483834450018,24.2400391442616,16,8,0,2
0.5718602566701838,Brown Brindle,0.5091592720402925,18.17859679753383,2,3,1,2
0.2768380655779159,Blue Cream,0.6030904114950764,24.132812474449413,16,8,0,2
0.41946825594827813,Blue Tabby,0.5287693791814315,19.99462128018761,15,7,2,2
0.7675611415140446,Chocolate Point,0.676737911316024,37.18356312036449,0,2,0,2
0.5474561480238408,Brown,0.5659444388717245,22.063623670555224,1,2,1,2
0.4084404429353754,Blue Tick,0.5439228469881481,18.240968885980003,7,5,2,2
0.43058380699872895,Blue Smoke,0.6626055306891655,24.37665611936101,3,4,0,2
1.6420180879677808,Liver,0.25975120327347634,32.98226357128176,1,1,1,1
0.28269365571225064,Blue Cream,0.6442295377304422,22.58502766880761,17,9,1,2
0.29013613011469735,Blue Cream,0.6106824339899725,24.32940096092613,16,8,0,2
0.4660821878372316,Brown,0.6728714771800697,28.645630484113532,1,2,0,2
0.509824814961386,Blue Tick,0.6726350851565265,26.786658470703752,1,3,0,2
1.2940734689566344,Red Tick,0.5709521231526059,44.23046649374138,0,1,0,2
0.3078794196740864,Blue Point,0.6524791782777214,24.905225638998274,8,7,0,2
0.9477757858935114,Buff,0.41789350331490605,21.07818141936921,1,2,2,1
0.726102534586781,Chocolate,0.6786575981295019,37.18085677146786,0,1,0,2
0.42000559182361497,Blue Tiger,0.5484359915263826,17.481568458469788,4,4,2,2
0.39917749366077393,Blue Smoke,0.6715394325653088,25.109955970941506,2,4,0,2
1.2181273759713132,Chocolate,0.3708759285344276,24.502526824039858,1,2,2,1
1.522227533322197,Red Merle,0.3820342459735101,40.81848741373664,1,1,0,1
0.9796145011291516,Flame Point,0.6037678778943681,39.427201457521555,0,1,0,2
0.2855504765482968,Blue Merle,0.6327908102372097,24.62686866957988,15,8,0,2
1.3669140407243405,Seal Point,0.5397418791385686,44.40489859264565,0,1,0,2
0.3143413082581079,Blue Cream,0.6114015640363788,24.44510341122726,15,8,0,2
0.2855210914582756,Blue Point,0.643673307179836,24.678381834826848,14,8,1,2
0.4244220874072972,Blue Tiger,0.543303256699512,16.703637989976066,5,4,2,2
0.28405460857321185,Blue Merle,0.624573475407722,24.361186478864177,16,8,0,2
1.3035428589194475,Lynx Point,0.49513578910052775,41.03589654769609,0,1,0,1
0.29439732579564076,Blue Merle,0.6180276932530308,24.47018742994011,15,8,0,2
1.6661956393581998,Orange,0.24852125595181865,33.89272332833528,1,1,1,1
0.9801642347706636,Liver,0.6671540803867506,42.91508705266462,0,1,0,2
0.7843094507332232,Brown Tabby,0.4551354990219512,19.782443794912872,1,2,1,2
0.42420512649923,Blue Smoke,0.6697903938515293,25.00024155226745,2,4,0,2
0.311309368974836,Blue Smoke,0.6581015056616729,24.94855270232997,6,6,0,2
1.2105803550214076,Orange Tabby,0.5830678402079671,43.278362759513385,0,1,0,2
0.4208207747519615,Blue Smoke,0.6620354718608331,24.3033848745804,3,4,0,2
1.5406075793049054,Gold,0.2987883418874958,29.752068525092746,1,1,1,1
0.5303539660268614,Brown Brindle,0.5100736073002904,16.512564125235198,2,3,2,2
0.2867787792716472,Blue Smoke,0.6516170566870689,25.176468049003084,10,8,0,2
0.40579766237978787,Blue Point,0.5472201163654505,18.55642482939613,17,8,2,2
1.0641572528641212,Gray,0.5770367441660582,39.87000466167955,0,1,0,2
1.1403057632241118,Calico,0.38654479770967093,23.878307048701252,1,2,1,1
0.41132861581473024,Blue Tick,0.5445503050899732,17.831839474906957,6,5,2,2
0.32804370090474483,Blue Smoke,0.6105672182104694,23.177410964236874,11,7,1,2
0.2894682600666498,Blue Cream,0.6027824938970875,24.313191030741024,16,8,0,2
0.46170673005168245,Blue Smoke,0.6671423978762578,25.052586202309218,2,3,0,2
0.27959159156404984,Blue Merle,0.6241203012889629,24.077863399453605,16,8,0,2
0.33993938735223905,Blue Merle,0.610223418615967,19.952741268619768,17,8,1,2
0.30487981591076685,Blue Cream,0.609685367482199,24.433097843673934,15,8,0,2
0.5044530059287896,Brown,0.6809665032772553,29.745797520414534,1,2,0,2
0.27611592550052894,Blue Cream,0.6360243622486103,22.839597467572144,17,9,1,2
0.31248074926214126,Blue Point,0.6270827117685687,22.969529036700443,15,8,1,2
0.4232427498998746,Blue Smoke,0.5278233342500961,19.64696139422702,16,8,2,2
1.3760314056533502,Fawn,0.34733179558948307,26.75758734828938,1,2,2,1
0.49445250877604974,Blue Tick,0.6750030585078429,26.880743657444558,1,3,0,2
0.2888541534084584,Blue Cream,0.6149431528550588,24.35146347118303,16,8,0,2
1.2434502902214628,Sable,0.6186380448216342,45.21628559529407,0,1,0,2
1.1791403352566636,Red Tick,0.6415041749254786,45.08755833801372,0,1,0,2
0.5622646836737502,Blue Tiger,0.6731285520155567,28.451658492531426,1,2,0,2
1.6148580393471783,Liver Tick,0.2719327834619731,34.63133931818447,1,1,1,1
1.029653077505443,Calico Point,0.4057626466796204,22.247896794337322,1,2,2,1
0.4666357063737058,Blue Tiger,0.6807736226448333,27.974922662118477,1,2,0,2
0.37108701653057546,Blue Tabby,0.5686069783804667,21.349354091939617,11,7,2,2
0.4072127660607983,Blue Tick,0.5452612692999637,18.245273831449865,7,5,2,2
0.3504415768025619,Blue Tick,0.6784579225675076,25.886741136185613,2,4,0,2
0.3711202759225264,Blue Tabby,0.6759359904171968,25.588366840884625,2,4,0,2
1.1794140397868407,Pink,0.6083066524301123,43.7850347247482,0,1,0,2
0.36300313654249367,Blue Tiger,0.6281021300183564,22.01484904071307,2,4,1,2
0.34036564997148155,Blue Smoke,0.6682496733733231,24.989632074506684,3,5,0,2
0.4060649594106196,Blue Tiger,0.5936652481317818,20.285217169343674,2,3,1,2
1.3109161919336092,Gray Tabby,0.4379981203963691,37.45619625574383,0,1,0,1
0.407961102379695,Blue Point,0.5413701588408255,19.50321644866895,16,8,2,2
0.8704258247027761,Gray,0.6730225153514409,40.911240883701254,0,1,0,2
0.7813350001301247,Cream,0.6783191033484375,38.16690117857785,0,2,0,2
1.5999468644984525,Green,0.29707244335654287,29.815529590399205,1,1,1,1
0.28567958020952583,Blue Merle,0.6443771188323819,22.809794102096543,16,9,1,2
1.2013895571696676,Red Merle,0.6236248674766356,44.71432627129947,0,1,0,2
1.287681943656122,Cream Tabby,0.4027154485919738,32.90310085439863,1,1,1,1
1.5168845729378164,Flame Point,0.3071876198969799,29.04419601497908,1,1,1,1
1.6819764459785467,Orange,0.27672753014726487,31.17444396600636,1,1,1,1
0.40529746019833174,Blue Tick,0.679186052915365,26.396281723962492,1,3,0,2
0.6173149378171044,Brown Merle,0.4867317725217366,17.19293460520855,2,3,2,2
0.3111861363711467,Blue Merle,0.6341413918966812,21.352014843282983,17,9,1,2
0.28183159373055383,Blue Cream,0.60152239208929,24.23661128113981,16,8,0,2
0.4207966348707068,Blue Smoke,0.5290152483435887,19.774708304112202,16,8,2,2
0.30116212518592533,Blue Merle,0.6373751823266631,22.87830979029269,16,8,1,2
0.8859252377937313,Gray,0.6751838990018999,41.32626981350387,0,1,0,2
0.48770189529129265,Blue Tabby,0.6727914877459812,26.293834750615904,1,3,0,2
0.28147378704617815,Blue Cream,0.6066895187965399,24.17328566738863,16,8,0,2
0.2934262469181047,Blue Tabby,0.6607886618889534,24.824618552560302,5,6,1,2
1.5405967312595021,Gold,0.2955460279932257,31.382057672641245,1,1,1,1
1.6259563050505579,Lilac Point,0.28079533857760663,30.68618804787189,1,1,1,1
0.4322077951583992,Blue Tiger,0.680342561849507,27.847697441886805,1,3,0,2
0.6007182032103475,Brown Tabby,0.6797725030211746,33.047902590308794,0,2,0,2
0.2974543884368111,Blue Cream,0.6114853681677711,24.411526177666868,15,8,0,2
1.6498333298205166,Lynx Point,0.2976650327408257,30.268050437820325,1,1,1,1
1.6675357901980303,Liver Tick,0.25912720224108277,32.14459092028155,1,1,1,1
0.928271953932589,Green,0.6738509007128131,41.900866039846925,0,1,0,2
1.2923753326184928,Chocolate,0.36787698040720906,28.153922562976128,1,1,1,1
0.3694243747585751,Blue Smoke,0.5707684216355711,21.67561531437464,15,8,2,2
0.815726522709614,Fawn,0.6786043711811852,39.488023229156774,0,1,0,2
0.6635093126093862,Calico,0.6798865863124156,35.11604130937342,0,2,0,2
0.33974284103510943,Blue Point,0.6519779628147929,24.41792726948233,6,6,0,2
0.3577555733925529,Blue Merle,0.6260147157328033,24.112537656501335,11,7,0,2
1.3111029928912692,Chocolate,0.3611865079758787,28.06162238633513,1,1,1,1
1.305762059064821,Fawn,0.40994203500609755,34.59863782586764,0,1,0,1
1.304111606442738,Fawn,0.3630285001341149,26.018971358440186,1,2,2,1
0.6704065237187012,Buff,0.6796599098460679,34.4638326829582,0,2,0,2
0.3168019370183511,Blue Tabby,0.6277940336064315,23.16278085516189,7,6,1,2
0.28995382930774033,Blue Point,0.647959954065659,25.109670315681356,11,8,0,2
1.3044710224525309,Seal Point,0.5896135031533676,45.220236489173885,0,1,0,2
0.4385094664564633,Blue Tiger,0.5406004244504988,16.249211433049446,4,4,2,2
0.5433767465103713,Brown,0.536417966484785,19.563909474271426,1,3,1,2
0.9604607868533903,Liver,0.6719411678751123,42.732865818779366,0,1,0,2
1.1747422277059865,Red Tick,0.6422410075515603,45.03990353043554,0,1,0,2
1.236586576922679,Sable,0.6219968857976055,45.24434150159608,0,1,0,2
1.6292218051355498,Pink,0.2807343034207463,37.46410609013051,1,1,0,1
0.3214480892995012,Blue Point,0.6169587435429393,23.303513679995564,14,8,1,2
1.5501353818198906,Lilac Point,0.32423827376354664,29.034939711666627,1,2,2,1
0.319376768278555,Blue Tabby,0.669660515329265,25.185342137530828,4,5,0,2
1.661727913582077,Liver Tick,0.25676059979660987,32.49650210753169,1,1,1,1
0.28470769666928125,Blue Cream,0.6074783862780309,24.23087940047371,16,8,0,2
0.32689207955728145,Blue Tick,0.6357214514408326,22.49584556014712,3,5,1,2
0.4577497564791937,Brown,0.5342125946060419,16.106330158794368,3,3,2,2
0.4383556268675288,Blue Smoke,0.6689299411909473,24.99960050431275,2,3,0,2
0.31219107068708446,Blue Cream,0.6041692555762994,24.449554537088467,15,8,0,2
0.2861935212616713,Blue Point,0.6497237747314906,25.144054894155413,11,8,1,2
0.2843176736742434,Blue Merle,0.6249780121358579,24.38051984144782,16,8,0,2
0.594170513739743,Brown Merle,0.6782319613569044,30.972071295787746,1,2,0,2
